Spanish,English
de,of
que,that
no,No
a,to
la,the
el,he
y,and
es,is
en,in
lo,it
un,a
por,by
qué,that
me,me
una,a
los,the
se,HE
te,tea
con,with
para,for
está,this
mi,my
pero,but
sí,Yeah
si,Yeah
bien,good
eso,that
su,his
las,the
yo,I
del,of the
como,as
aquí,here
tu,you
al,to the
más,further
le,you
esto,this
todo,all
ya,already
estoy,I'm
ahora,now
muy,very
ha,ha
esta,this
así,So
vamos,come on
algo,something
hay,there is
bueno,Well
tengo,I have
él,he
cuando,when
estás,are
sé,HE
tú,you
nos,us
nada,nothing
cómo,as
este,this
o,either
he,I have
ser,be
tiene,has
puedo,I can
ella,she
quiero,wanna
hacer,do
fue,was
gracias,thank you
vez,time
era,was
soy,am
sólo,only
todos,all
porque,because
son,are
tienes,have
creo,believe
voy,go
sabes,You know
estaba,was
puede,can
eres,are
ese,that
usted,you
entonces,so
hola,hello
solo,only
verdad,TRUE
casa,home
tan,so
quién,who
sus,their
tiempo,time
dos,two
esa,that
nunca,never
dónde,where
va,goes
oh,oh
favor,favor
mucho,a lot
mí,my
quieres,want
siento,I feel
señor,Sir
mejor,better
hace,does
has,you have
decir,say
también,also
sobre,about
dios,God
sin,without
tenemos,have
están,are
ti,you
puedes,can
ver,see
hombre,man
vida,life
alguien,someone
cosas,things
siempre,always
hasta,until
ahí,there
ir,go
años,years
antes,before
estar,be
ni,neither
poco,bit
día,day
uno,one
noche,evening
hecho,made
mis,my
estamos,we are
otra,other
acuerdo,agreement
trabajo,job
nosotros,us
parece,seems
gente,people
sea,be
padre,father
mira,look
mismo,same
dijo,said
nadie,nobody
quiere,wants
podría,could
hablar,talk
vas,you go
ellos,they
sr.,Mr.
tal,such
pasa,happens
fuera,out
después,after
han,they have
desde,from
dinero,money
mundo,world
claro,clear
momento,moment
les,them
tener,have
estado,state
otro,other
había,there was
mañana,tomorrow
tenía,had
madre,mother
vale,Okay
lugar,place
haciendo,doing
donde,where
seguro,sure
sabe,know
podemos,can
tus,your
espera,wait
nuevo,new
sido,been
cosa,stuff
hijo,son
allí,over there
menos,less
tipo,guy
amigo,friend
gran,great
nuestro,our
mujer,women
mamá,mother
luego,then
papá,dad
días,days
dice,says
hoy,today
tres,three
buena,good
necesito,need
dije,said
oye,hey
gusta,like
quería,wanted to
será,will be
haber,have
parte,part
todas,all
crees,do you believe
buen,good
conmigo,with me
nombre,name
mierda,shit
nuestra,our
mal,evil
debe,has to
realmente,really
estas,are
aún,still
mío,mine
toda,all
hacerlo,do it
cada,each
visto,seen
importa,matters
contigo,with you
tienen,have
hemos,we have
razón,reason
alguna,some
tanto,so much
saber,know
hizo,did
veces,times
serio,Serious
ven,come
idea,idea
eh,Hey
tarde,late
problema,problem
hora,hour
cierto,TRUE
dicho,saying
quien,who
demasiado,too much
amor,love
entre,between
ve,go
pasado,past
familia,family
estos,these
policía,police
debería,ought
ustedes,you
chica,girl
esos,those
chicos,guys
cuenta,account
haces,you do
todavía,still
salir,go out
algún,some
vaya,Oh
unos,some
veo,I see
amigos,friends
hermano,brother
pensé,I thought
sabía,knew
cabeza,head
ah,oh
cariño,dear
digo,say
van,they go
hombres,men
buenas,hello good
somos,are
cualquier,any
forma,shape
mientras,while
lado,side
debo,I must
sería,I would be
caso,case
pueden,they can
pasó,passed
primera,first
genial,brilliant
chico,boy
supuesto,supposed
hice,I did
pues,well
adiós,bye
muchas,many
personas,people
señora,lady
volver,return
esas,those
quizá,maybe
contra,against
camino,path
durante,during
hablando,talking
manera,manner
muerto,dead
persona,person
rápido,fast
cuál,which
ayuda,aid
historia,history
iba,was going
supongo,i guess
nueva,new
entiendo,I understand
dentro,inside
casi,almost
puerta,door
ves,you see
pasar,pass
primero,first
significa,means
semana,week
hacia,toward
quizás,maybe
espero,wait
juntos,together
año,year
niños,children
pronto,soon
tío,uncle
suerte,luck
ciudad,city
siquiera,even
feliz,happy
venir,come
hija,daughter
gustaría,I would like
minutos,minutes
cuánto,how much
os,you
hey,hey
muerte,death
dejar,leave
realidad,reality
deja,leaves
problemas,issues
vi,I saw
da,da
importante,important
dijiste,you said
corazón,heart
miedo,fear
jefe,boss
agua,water
haré,I will do
justo,fair
horas,hours
poder,can
buenos,good
esposa,wife
manos,hands
debes,you must
viene,comes
venga,come
nuestros,our
ojos,eyes
adelante,forward
encontrar,find
mano,hand
cinco,five
niño,child
ninguna,none
otros,others
cara,face
cuidado,careful
bajo,low
cerca,near
viejo,old
déjame,let me
noches,nights
bastante,quite
fin,end
tomar,take
único,only
misma,same
escucha,listen
ningún,none
suficiente,enough
punto,spot
cuándo,when
sigue,go on
haya,is
equipo,equipment
grande,big
necesita,needs
llegar,arrive
incluso,even
algunos,some
doctor,doctor
difícil,difficult
aunque,although
hubiera,had
primer,first
coche,car
hago,do
clase,class
cuatro,four
mas,further
dices,you say
pequeño,little
llama,calls
toma,take
hiciste,you did
allá,there
última,last
arriba,above
tierra,land
guerra,war
pensar,think
pueda,can
igual,equal
loco,crazy
sangre,blood
mujeres,women
vuelta,lap
fui,I went
trabajar,work
tenido,had
juego,game
deberías,you should
cuerpo,body
e,and
algunas,some
entrar,enter
cree,believe
podía,could
debemos,must
oportunidad,chance
teléfono,phone
necesitamos,need
final,end
listo,ready
fiesta,party
muchos,many
estabas,you were
quieren,they want
vete,go away
auto,car
dar,give
vivir,live
posible,possible
ok,ok
hermana,sister
número,number
meses,months
exactamente,exactly
culpa,blame
abajo,below
escuela,school
ido,gone
fuerte,strong
diciendo,saying
habla,speaks
esté,this
ello,it
pregunta,ask
chicas,girls
eran,were
unas,nails
pasando,passing
atrás,back
malo,bad
capitán,captain
sra.,mrs
bebé,baby
segundo,second
sabemos,we know
mayor,elderly
comida,meal
morir,die
conozco,know
dame,give me
fácil,easy
comer,eat
vino,came
lista,list
haga,do
necesitas,you need
hijos,children
probablemente,probably
padres,parents
habitación,room
creer,believe
pensando,thinking
fueron,were
dime,tell me
trata,treats
buscando,searching
tuve,I had
tampoco,neither
amo,love
joven,young
podrías,could you
sola,alone
par,pair
única,unique
hacen,do
seguir,continue
dr.,Dr.
simplemente,simply
dicen,they say
medio,half
puta,bitch
saben,they know
sentido,sense
hagas,do
segura,safe
esperar,wait
lejos,far
arma,weapon
alto,high
pequeña,small
dólares,dollars
seis,six
estaban,were
seguridad,security
maldita,damned
estuvo,was
preocupes,worry
palabra,word
esperando,expecting
queda,is left over
oficina,office
matar,kill
iré,I will go
cama,bed
además,besides
último,last
oído,ear
habría,there would be
estará,will be
dio,gave
recuerdo,memory
siendo,being
acerca,about
tenga,have
luz,light
correcto,correct
ud.,You.
demonios,demons
nuestras,our
verte,see you
dormir,sleep
sitio,place
ayudar,help
conseguir,get
di,say
marido,husband
paz,peace
idiota,idiot
plan,plan
dado,given
cuanto,how much
peor,worse
murió,died
pueblo,town
vivo,alive
venido,come
john,john
basta,Enough
paso,passed
deberíamos,we should
música,music
diga,say
minuto,minute
anoche,last night
llamar,call
piensa,think
país,country
digas,say
rey,king
perdón,sorry
mucha,a lot
falta,lack
pienso,I think
diablos,devils
perdido,lost
niña,little girl
señorita,Miss
diez,ten
lleva,carry
hospital,hospital
grandes,big
maldito,damned
otras,others
llamado,called
hacemos,we do
llevar,carry
fuego,fire
aqui,here
tuvo,had
poner,put
calle,street
acaba,ends
prueba,proof
increíble,incredible
real,real
libro,book
orden,order
semanas,weeks
especial,special
mía,mine
café,coffee
duro,hard
empezar,begin
afuera,outside
queremos,we want
perro,dog
cielo,darling
jack,Jack
puesto,position
viaje,journey
detrás,behind
cuarto,room
querida,Dear
haría,would
preguntas,questions
piensas,you think
querido,darling
libre,free
buscar,look for
cual,which
diré,I will say
suena,sounds
jugar,play
cambio,change
película,movie
millones,million
habrá,there will be
llamada,call
resto,rest
vemos,we see
extraño,strange
mala,bad
presidente,president
srta.,Ms.
irme,leave
ropa,clothes
perder,lose
vuelve,comes back
agente,agent
palabras,words
información,information
raro,queer
hará,will
entiendes,you understand
éste,this
trabajando,working
tratando,treating
general,general
trato,deal
usar,wear
perfecto,perfect
derecho,right
modo,mode
ayer,yesterday
conoces,you know
demás,others
quieras,you want
podríamos,we could
noticias,news
asesino,killer
encontrado,found
control,control
odio,hate
frente,forehead
sexo,sex
decirle,tell
estaré,I will be
divertido,fun
armas,arms
recuerdas,do you remember
amiga,friend
grupo,cluster
asunto,affair
acabo,just
mensaje,message
encima,on
atención,attention
diferente,different
uh,uh
cállate,be quiet
daño,damage
sucede,happens
cambiar,change
siguiente,following
sino,but
the,the
seas,be
médico,doctor
boca,mouth
dejó,let
error,mistake
jamás,never
largo,long
pena,grief
voz,voice
futuro,future
siente,feel
secreto,secret
baño,bathroom
mil,thousand
decirte,tell you
sam,sam
pensaba,thought
novia,bride
propia,own
sueño,dream
haz,beam
fuerza,force
deben,they must
supone,supposes
estábamos,we were
ambos,both
ay,Oh
estuve,I have been
encontré,I found
vuelto,turned
dolor,pain
dile,tell him
encanta,loves
edad,age
darle,give
pie,foot
negro,black
ganar,gain
york,york
aire,air
lamento,lament
verlo,see it
asesinato,murder
vio,saw
adónde,where to
llegado,arrived
disculpe,excuse me
s,yes
cita,appointment
estaría,would be
fuiste,you went
sistema,system
gusto,taste
pobre,poor
negocio,business
mente,mind
tuyo,yours
campo,field
mire,Look
situación,situation
tras,after
hotel,hotel
vosotros,you
funciona,works
foto,photo
abogado,lawyer
loca,crazy
propio,own
alrededor,around
próxima,next
terminado,finished
hablas,speak
pagar,pay
mató,killed
llamo,called
personal,staff
sientes,you feel
ocurre,occurs
ésta,this
recuerda,remember
mitad,half
quiera,want
pelo,hair
tenías,you had
viste,you saw
oficial,official
llegó,arrive
compañía,company
relación,relationship
conoce,know
pase,happens
montón,lot
mejores,best
creí,I believed
cena,dinner
sentir,feel
través,through
accidente,accident
i,Yo
ellas,they
caja,box
tranquilo,don't worry
bonito,pretty
eras,you were
asi,So
pudo,could
vive,lives
vista,view
estúpido,idiot
línea,line
caballeros,gentlemen
haremos,we will
dan,give
quédate,stay
tienda,store
comprar,buy
entendido,understood
centro,center
salvo,except
mes,month
joe,Joe
sol,sun
tonto,silly
hambre,hunger
michael,Michael
mesa,table
respuesta,answer
completamente,completely
david,David
carta,letter
totalmente,completely
imposible,impossible
pruebas,evidence
novio,boyfriend
normal,normal
gustan,like
frank,frank
pude,could
charlie,Charlie
traje,suit
dirección,address
siete,seven
dijeron,they said
placer,pleasure
sean,be
tendrá,will have
barco,ship
blanco,white
tom,Tom
profesor,teacher
servicio,service
muchacho,young guy
reunión,meeting
dejado,left
ley,law
quisiera,I'd like
hubo,was
george,george
programa,program
carrera,career
cumpleaños,birthday
muchachos,boys
culo,ass
canción,song
hermosa,beautiful
universidad,university
boda,wedding
decirme,tell me
cualquiera,any
tengas,have
hacía,toward
estés,you are
sala,hall
llevo,he took
decisión,decision
espere,wait
don,gift
necesario,necessary
sal,salt
entra,enter
prisa,hurry
carajo,fuck
embargo,embargo
interesante,interesting
tendrás,you will have
escuchar,hear
abuela,grandmother
hicieron,they did
detective,detective
horrible,awful
suelo,floor
fotos,photos
cárcel,jail
acá,here
io,io
mike,mike
siéntate,sit
decía,said
intentando,trying
vámonos,let's go
maldición,curse
silencio,silence
muerta,dead
capaz,able
salió,came out
club,club
terminar,finish
temo,I fear
broma,joke
gobierno,government
prometo,I promise
cámara,camera
media,average
terrible,terrible
llamó,called
regalo,gift
amable,gentle
dulce,sweet
muertos,dead
querías,you wanted
ataque,stroke
das,give
navidad,Christmas
negocios,business
pudiera,could
ocho,eight
avión,plane
investigación,investigation
acabó,just
juro,I swear
mantener,keep
ejército,army
papel,paper
partes,parts
ten,have
gracioso,funny
diría,I would say
principio,principle
delante,in front of
teniente,lieutenant
deseo,desire
vayas,go
nave,nave
sale,comes out
basura,trash
vine,I came
contacto,contact
esposo,husband
tren,train
encontramos,we find
dale,give it
verdadero,TRUE
tuya,yours
alma,soul
hazlo,do it
disculpa,sorry
junto,together
anda,go
tendré,I will have
matrimonio,marriage
saberlo,know it
locura,craziness
oro,gold
permiso,permission
director,director
peligro,danger
libertad,freedom
alegro,glad
baja,low
tendremos,we will have
derecha,right
encuentra,finds
pies,feet
segunda,second
maravilloso,marvelous
espacio,space
rato,a while
abuelo,grandfather
esperaba,I hoped
mirando,looking
salud,health
sorpresa,surprise
ninguno,none
miren,look
triste,sad
aun,still
pensado,thought
maestro,teacher
según,according to
infierno,hell
podrían,could
tipos,guys
tía,aunt
crimen,crime
conocido,acquaintance
consejo,advice
ante,in view of
iglesia,church
intento,tried
mayoría,most
doy,give
peter,peter
hicimos,we did
escena,scene
piso,floor
señal,sign
honor,honor
llamas,flames
abre,open
cerebro,brain
veras,you will see
viendo,seeing
pone,puts
pregunto,asked
cocina,kitchen
vestido,dress
inteligente,intelligent
vieja,old
caballo,horse
vienen,they come
vidas,lives
bar,bar
corte,court
sucedió,happened
adentro,inside
drogas,drugs
enseguida,immediately
busca,seeks
agradable,pleasant
carne,meat
parecía,it seemed
departamento,department
lindo,nice
mar,sea
duda,doubt
edificio,building
conocer,know
cargo,post
víctima,victim
luna,moon
energía,energy
frío,cold
hablo,speak
baile,dance
trabaja,works
misión,mission
listos,ready
ayudarte,help you
izquierda,left
paul,Paul
beber,drink
deje,let
finalmente,finally
simple,simple
daré,I will give
sabías,did you know
puedas,you can
puso,put
creía,believed
regresar,go back
llega,arrives
entender,understand
mirar,look
sacar,take out
cambiado,changed
trae,brings
hermoso,beautiful
opinión,opinion
verás,you will see
linda,cute
apenas,barely
segundos,seconds
cerveza,beer
harás,you will do
estuviera,was
creen,believe
oír,hear
tendría,would have
cuántos,how many
hablado,spoken
hablamos,talk later
reina,queen
temprano,early
tema,issue
prisión,prison
porqué,because
vuelva,come back
público,public
ocurrió,occurred
veré,I will see
salvar,save
partido,game
bonita,pretty
joder,fuck
causa,cause
caliente,hot
sargento,sergeant
cenar,have dinner
compañero,buddy
llevó,he took
banco,bank
existe,exists
ben,ben
zona,area
destino,destination
base,base
solía,used to
cliente,customer
irse,go
perra,bitch
james,james
encuentro,meeting
encontró,found
pelea,fight
san,saint
norte,north
quise,I wanted
coronel,colonel
apuesto,handsome
peligroso,dangerous
viva,Viva
max,max
vienes,you come
necesitan,need
té,tea
excepto,except
juicio,judgment
podamos,we can
llave,key
equivocado,mistaken
posición,position
trasero,rear
irnos,let's go
espalda,back
excelente,excellent
éxito,success
modos,modes
ventana,window
veamos,let's see
especie,species
teníamos,we had
diferencia,difference
formas,shapes
pedir,ask
últimos,last
escúchame,listen to me
ejemplo,example
ése,that
radio,radio
lee,read
calma,calm
hogar,home
volveré,I will return
fondo,background
humano,human
henry,Henry
tí,you
iremos,we will go
unidos,joined
habían,had
jesús,Jesus
planeta,planet
verme,see me
respecto,regard
regreso,return
debido,due
seré,I will be
tenían,they had
leer,read
parar,stall
lleno,full
dejé,I left
respeto,I respect
debajo,below
harry,Harry
escribir,write
estación,season
pidió,asked
alta,high
pista,clue
estrella,star
enfermo,sick
duele,hurts
sueños,dreams
veremos,we will see
miles,thousands
darme,give me
órdenes,orders
ocupado,busy
sigues,you continue
corre,runs
podido,could
dejes,leave
nivel,level
habéis,you have
experiencia,experience
darte,give you
salida,exit
decirlo,say it
confiar,rely
hacerte,make you
necesitaba,I needed
hermanos,siblings
zapatos,shoes
color,color
vistazo,glance
nena,chick
tratar,treat
parecer,seem
juez,judge
próximo,next
paciente,patient
hayas,beech
bolsa,bag
arte,art
mary,Mary
jugando,playing
llevas,you carry
alegra,happy
bailar,dance
diablo,devil
oí,I heard
sepa,know
estarás,you will be
sur,south
banda,band
aprender,learn
precio,price
completo,complete
santo,holy
culpable,guilty
ganas,desire
tuvimos,we had
you,you
verla,see it
volvió,came back
libros,books
ojo,eye
serán,they will be
cielos,Heavens
matado,killed
azul,blue
diferentes,different
irte,go away
ia,ia
comandante,commander
acción,action
reglas,rules
obra,construction site
esperanza,hope
cuestión,question
molesta,bothers
teniendo,having
bill,Bill
informe,report
jimmy,Jimmy
río,river
bienvenido,welcome
abrir,open
tocar,tap
bob,Bob
contar,count
sigo,I continue
interior,inside
apartamento,apartment
vea,see
estados,states
estáis,you are
preocupa,worries
tomó,took
principal,major
empieza,begin
londres,London
empezó,started
vayan,go
jim,jim
llaman,they call
ojalá,I wish
perdona,sorry
vuelvo,I'm back
golpe,bang
quedarme,stay
llamaré,I will call
acabado,finish
estilo,style
nueve,nine
definitivamente,definitely
quedar,meet
cartas,cards
bomba,bomb
guardia,guard
pistola,gun
probar,prove
majestad,majesty
traer,bring
marcha,march
pareces,you seem
común,common
aquel,that
hacerle,do
vuelo,flight
nota,note
danny,danny
humanos,humans
estaremos,we will be
valor,worth
suyo,his
objetivo,aim
repente,suddenly
debía,should
rojo,red
bromeando,joking
irá,gonna
entrada,entrance
doble,double
dejaré,I will leave
evitar,avoid
máquina,machine
cuello,neck
conocí,I met
tiempos,time
tome,take
nick,nick
animales,animals
alex,alex
acaso,perhaps
tuviera,had
pareja,couple
verano,summer
escuché,listen
ama,loves
serás,you will be
mentira,lie
tarjeta,card
hagan,do
perdí,I lost
correr,run
steve,steve
traído,brought
llegue,I arrived
preparado,prepared
haberlo,have
tony,tony
usa,use
intentar,attempt
ayudarme,help me
flores,flowers
dando,giving
vos,you
opción,option
isla,island
cierra,close
piel,fur
enemigo,enemy
dejo,let
exacto,exact
imbécil,moron
jóvenes,youths
pedido,order
larga,long
entiende,understand
justicia,justice
nuevos,new
obviamente,obviously
despierta,wake up
pido,I ask
calor,heat
luces,lights
refiero,I mean
fuimos,went
batalla,battle
déjalo,leave it
intenta,try
sarah,sarah
fantástico,fantastic
brazo,arm
absolutamente,absolutely
llena,full
hacerme,make me
salga,get out
recordar,remember
escapar,escape
bosque,forest
gay,gay
señores,sirs
quedan,remain
piernas,legs
visita,visit
parís,Paris
usando,wearing
ganado,cattle
movimiento,motion
blanca,white
rico,rich
inocente,innocent
pesar,weigh
absoluto,absolute
vacaciones,vacation
um,um
mismos,themselves
tomado,taken
habías,had
planes,plans
cine,cinema
toca,touch
brillante,bright
confianza,trust
vuestra,your
nombres,names
especialmente,especially
fbi,fbi
embarazada,pregnant
esperen,wait
pantalones,pants
defensa,defense
terminó,term
salido,left
estupendo,great
jane,jane
presión,pressure
inmediatamente,immediately
testigo,witness
deberían,should
olvidado,forgotten
soldados,soldiers
resulta,it turns out
tommy,tommy
depende,depends
motivo,reason
inglés,English
suya,his
estudio,study
acabar,end
sentimientos,feelings
tomando,taking
dieron,they gave
parecen,they seem
llaves,keys
perros,dogs
propósito,purpose
noticia,news
partir,leave
vuestro,your
metros,meters
santa,holy
quedarse,stay
clientes,customers
podrá,will be able
cuántas,how many
ridículo,ridiculous
damas,ladies
estuviste,you were
tranquila,peaceful
operación,operation
come,eat
empresa,company
ayúdame,help me
laboratorio,laboratory
elección,choice
menudo,slight
beso,kiss
copa,cup
conversación,conversation
brazos,arms
espíritu,spirit
dejas,you leave
cansado,tired
interesa,interested
refieres,you mean
casado,married
enorme,enormous
asuntos,affairs
fe,faith
muestra,sample
trampa,trap
ray,ray
billy,Billy
memoria,memory
johnny,Johnny
contrario,contrary
soldado,soldier
subir,increase
turno,shift
encantaría,would love
preocupado,concerned
restaurante,restaurant
saliendo,leaving
escrito,written
cálmate,calm down
bienvenida,welcome
caer,fall
llevaré,I will take
leche,milk
estrellas,stars
prefiero,prefer
red,grid
viejos,old
solamente,only
oiga,Listen
estén,are
cuentas,accounts
taxi,Taxi
anillo,ring
richard,Richard
preguntar,ask
victoria,victory
quiénes,who
héroe,hero
pequeños,small
decidido,decided
películas,movies
responsable,responsible
trago,drink
volverá,will return
árbol,tree
ibas,you were going
dientes,teeth
encantado,delighted
camión,truck
vender,sell
llame,call
detente,stop
luchar,struggle
cabo,cape
ruido,noise
lucha,struggle
muere,die
reloj,clock
gato,cat
averiguar,figure out
volar,fly
vayamos,let's go
tanta,so much
vendrá,will come
corriendo,in a hurry
yendo,going
colegio,school
sonido,sound
caballero,gentleman
pasada,pass
código,code
hagamos,let's do
imagen,image
riesgo,risk
llegamos,we arrived
alguno,some
pan,bread
millón,million
malas,bad
dama,lady
hielo,ice
coño,Pussy
cayó,fell
prensa,press
querer,want
vengan,come
eddie,Eddie
caminar,walk
televisión,television
pasará,will pass
momentos,moments
coger,take
posibilidad,possibility
hubiese,would have
mark,mark
asiento,seat
tuviste,you had
herido,wounded
maría,Maria
seguramente,surely
proyecto,project
pared,wall
sentí,I felt
sospechoso,suspicious
naturaleza,nature
ésa,that
silla,chair
perdió,lost
robert,robert
policías,police
arreglar,arrange
sentado,sitting
papi,daddy
ideas,ideas
obtener,obtain
felices,happy
señoría,lordship
cantidad,amount
bebe,baby
mírame,look at me
chris,chris
papa,dad
llorar,cry
quedó,remained
familiar,familiar
desastre,disaster
locos,crazy
escuche,listen
quedarte,stay
política,policy
pedí,I asked
sois,you are
nosotras,us
will,will
enfermedad,disease
encontraron,they found
colega,colleague
príncipe,prince
verde,green
bajar,lower
nervioso,highly strung
vengo,come
inspector,inspector
sirve,serves
puertas,doors
fuerzas,forces
playa,beach
cantar,sing
déjeme,let me
velocidad,speed
total,total
cabello,hair
suficientemente,enough
huellas,footprints
haberte,have you
debí,I should have
unidad,unit
estan,are
cuchillo,knife
t,t
oigan,hey
quienes,who
gana,win
tonterías,foolishness
emergencia,emergency
perfecta,perfect
hable,speak
gustaba,liked
lugares,places
ryan,ryan
show,show
robo,heist
permite,allows
parque,park
uds.,You.
roto,broken
serie,series
puse,I put
nuevas,new
evidencia,evidence
conocerte,know you
estúpida,stupid
preocupe,worry
perdone,excuse me
botella,bottle
viento,wind
mando,command
extraña,strange
historias,stories
aquella,that
tenéis,you have
solos,alone
apoyo,support
bala,bullet
verdadera,true
tiro,shot
época,time
puente,bridge
olvídalo,forget it
distancia,distance
desea,want
dejarlo,leave it
pelear,fight
pierna,leg
echar,throw
descanso,rest
américa,America
área,area
orgulloso,proud
datos,data
espectáculo,show
sube,go up
dejaste,you left
acabas,you finish
verá,you will see
magia,magic
nacional,national
universo,universe
llevaba,wore
necesitar,need
nariz,nose
aquellos,those
clases,classes
jake,Jake
casas,houses
vergüenza,shame
estarán,they will be
monstruo,monster
princesa,princess
autobús,bus
cuidar,care
ei,hey
huevos,eggs
pocos,few
podrás,you will be able
enferma,sick
paseo,walk
detalles,details
llamadas,calls
belleza,beauty
francia,France
abierto,open
viviendo,living
envió,shipment
puntos,points
ministro,minister
conducir,drive
aceptar,accept
borracho,drunk
animal,animal
caballos,horses
trajo,brought
contrato,contract
viernes,Friday
bobby,Bobby
martin,martin
amy,Amy
bienvenidos,welcome
ex,ex
hechos,facts
sociedad,society
dra.,Dr.
tengan,have
quede,stay
inglaterra,England
carga,burden
diste,you gave
puto,fucking
lleve,carry
presente,present
conocía,knew
uso,use
dedos,fingers
oferta,offer
sentía,felt
proteger,protect
daniel,Daniel
date,date
hiciera,did
hablé,I spoke
recibir,receive
agradezco,I appreciate
robar,steal
enamorado,in love
sepas,know
oeste,west
herida,wound
despacio,slowly
ayude,help
supe,I knew
directamente,directly
inmediato,immediate
profesional,professional
oscuro,dark
mercado,market
cerdo,pig
tardes,afternoon
líder,leader
grave,serious
llegué,I arrived
jurado,jury
casos,cases
acuerdas,you agree
ahi,there
desaparecido,missing
debió,should have
hubieras,would have
últimamente,lately
piedra,stone
éramos,we were
habló,speak
charles,Charles
paga,pay
secretos,secrets
digamos,let's say
intención,intention
humor,humor
dura,hard
dará,will give
seguros,insurance
leo,leo
adam,Adam
and,and
ángeles,angels
querría,I would like
cerrar,close
conseguido,achieved
peso,weight
víctimas,victims
asesinado,murdered
humana,human
directo,straight
central,central
termina,ends
compañeros,companions
escuchado,heard
contento,glad
llevan,they carry
podré,I will be able
oscuridad,darkness
actuar,act
siga,follow
llevado,carried
comenzó,began
regresa,come back
privado,private
mirada,look
demonio,devil
abierta,open
kevin,kevin
m,m
llámame,call me
siguen,they continue
romper,break
cambia,changes
fiscal,fiscal
jardín,garden
natural,natural
gratis,free
cuesta,costs
amenaza,threat
pon,put
marca,brand
comenzar,begin
ponte,put on
medicina,medicine
podremos,we can
tomé,I took
preciosa,lovely
sexual,sexual
acceso,access
necesidad,need
dueño,owner
merece,deserve
rayos,good heavens
d,d
mintiendo,lying
tantas,so many
imagino,I imagine
fantasma,ghost
creerlo,believe it
llamé,I called
ponga,put
brian,brian
dé,of
pollo,chicken
varios,several
efecto,effect
felicidad,happiness
espada,sword
relaciones,relations
entró,entered
resultado,result
sombrero,hat
menor,minor
recibido,received
negra,black
to,to
habido,been
limpio,clean
china,China
juegos,games
correo,mail
confía,trust
video,video
perfectamente,perfectly
harán,they will
teatro,theater
dormido,asleep
local,local
quedado,left
lástima,pity
calles,streets
créeme,believe me
responsabilidad,responsibility
búsqueda,search
dedo,finger
tonta,silly
recuerdos,memories
razones,reasons
escuchando,listening
eric,Eric
elegir,choose
amas,you love
huele,smells
almuerzo,lunch
cien,hundred
adn,dna
tantos,so many
pago,pay
normalmente,normally
mr,mr
pastel,cake
bastardo,bastard
cinta,tape
pasé,happens
dígame,tell me
anna,Anna
costa,coast
levántate,Get up
llamando,calling
cerrado,closed
interés,interest
enfermera,nurse
comienzo,beginning
olvidé,forget
fuese,was
militar,military
polvo,dust
bella,pretty
quedo,stay
kate,Kate
encontraste,you found
voluntad,willpower
varias,several
teoría,theory
roja,red
cuento,tale
escenario,scenery
diario,diary
propiedad,property
agujero,hole
aspecto,aspect
campamento,camp
descansar,rest
matarme,kill me
metido,put
quiso,wanted
ángel,angel
enviar,send
impresionante,awesome
proceso,process
intentado,tried
mio,mine
fuente,fountain
alcalde,mayor
ocurrido,occurred
malos,bad
carretera,road
desapareció,disappeared
desayuno,breakfast
débil,weak
roma,Rome
sabido,known
comienza,starts
tambien,also
intentarlo,try it
miembro,member
perdiendo,losing
hayan,have
fueras,you were
resultados,results
jerry,jerry
mata,kill
sr,Mr
valiente,brave
deber,duty
pecho,chest
gustó,taste
oyes,you hear
thomas,Thomas
periódico,newspaper
mami,mommy
piensan,they think
washington,Washington
tv,TV
cansada,tired
limpiar,clean
crear,create
explicar,explain
robado,stolen
resolver,solve
maté,mate
guapo,handsome
continuar,continue
sheriff,sheriff
funcionar,work
extra,extra
primo,cousin
manejar,drive
primeros,first
acto,act
poniendo,putting
números,numbers
kilómetros,kilometers
andy,Andy
llevará,will take
rachel,Rachel
niñas,girls
premio,prize
internet,Internet
harías,would you do
inútil,useless
domingo,Sunday
tomas,Tomas
sensación,sensation
alcohol,alcohol
tercera,third
agentes,agents
disculpas,apologies
antiguo,ancient
guapa,pretty
asustado,scared
puedan,can
sexy,sexy
genio,genius
recuperar,recover
creemos,we believe
lengua,language
ladrón,thief
intenté,I tried
examen,exam
deprisa,quickly
montaña,mountain
durmiendo,sleeping
disparar,shoot
entrenador,coach
queso,cheese
entero,whole
papeles,papers
pones,you put
modelo,model
fútbol,soccer
detener,arrest
lados,sides
miembros,members
sábado,Saturday
pongo,put
mataron,they killed
vuelvas,come back
talento,talent
descubrir,discover
gordo,fat
tribunal,court
toque,touch
wow,wow
hables,talk
conocemos,we know
haberme,have
dispuesto,willing
tamaño,size
dejen,leave
maravillosa,wonderful
invitado,guest
importantes,important
derechos,rights
scott,scott
declaración,statement
claramente,clearly
pacientes,patients
pérdida,loss
in,in
iban,they were going
pudiste,could you
profundo,deep
gas,gas
aeropuerto,airport
consigue,get
olvidar,forget
gloria,glory
olvides,forget
volviendo,returning
coge,take
fué,was
llamaba,called
pete,Pete
tendrán,they will have
instituto,institute
disparo,shot
encuentras,you find
querían,they wanted
hablemos,let's talk
dia,day
enviado,sent
pertenece,belongs
sienta,feel
pensó,thought
cadáver,corpse
gracia,funny
doctora,doctor
escuchen,listen
amante,lover
temporada,season
kim,Kim
cuerpos,bodies
amigas,friends
larry,Larry
preguntaba,I asked
francés,French
mataste,you killed
techo,ceiling
íbamos,we were going
protección,protection
médicos,doctors
lisa,smooth
venganza,revenge
pensamos,we think
walter,walter
contó,counted
discutir,discuss
comprendo,understand
idiotas,idiots
enemigos,enemies
camisa,shirt
superior,superior
criminal,criminal
preocupada,worried
bote,boat
escribió,wrote
llevamos,we carry
testigos,witnesses
recoger,collect
emily,Emily
truco,trick
jason,jason
original,original
pide,ask
jeff,Jeff
rosa,pink
mama,mother
negros,black
sobrevivir,survive
rostro,face
crédito,credit
compartir,share
saca,take out
irás,you will go
pequeñas,small
veía,saw
empezando,starting
registro,record
continúa,continue
grandioso,magnificent
viniste,you came
esquina,corner
contado,counted
tengamos,we have
cientos,hundreds
tormenta,storm
relájate,relax
siéntese,sit
chocolate,chocolate
matt,matt
pedazo,piece
tomo,took
olor,smell
ciencia,science
kelly,Kelly
conexión,connection
vieron,they saw
salón,lounge
sucio,dirty
firma,signature
vimos,we saw
pidiendo,asking
casarse,marry
bebida,drink
tercer,third
propios,own
fuertes,strong
lluvia,rain
recién,newly
tomaré,I will take
complicado,complicated
europa,Europe
toques,touches
cámaras,cameras
visión,vision
llego,arrive
americano,American
diversión,fun
pareció,it seemed
libras,pounds
curso,course
disco,disk
probable,likely
precioso,precious
tenia,had
lago,lake
leído,read
consiguió,got
parecido,similar
material,material
discurso,speech
entera,whole
it,Item
corta,short
completa,complete
decirles,tell them
lunes,Monday
efectivo,cash
cura,healing
antigua,ancient
hablan,they talk
juntas,together
william,William
cáncer,cancer
funeral,funeral
jodido,fucking
dave,David
artista,artist
favorito,favorite
guste,like
cae,falls
termine,finish
entrevista,interview
sir,sir
pintura,paint
quieto,still
falso,fake
india,India
corto,short
inteligencia,intelligence
destruir,destroy
cargos,charges
podías,you could
mentiras,lies
señoras,ladies
helado,frozen
felicidades,congratulations
camioneta,van
mueve,moves
aparte,apart
rock,rock
tumba,grave
seguimos,we continue
hablaba,spoke
verle,see him
mapa,map
tarea,task
cambió,change
móvil,mobile
equivocada,wrong
responder,reply
vacío,empty
felicitaciones,congratulations
computadora,computer
estudiante,student
muriendo,dying
construir,build
conocen,they know
clara,clear
solución,solution
mundial,world
plato,dish
famoso,famous
des,des
dirá,will say
ambas,both
tecnología,technology
notas,grades
malditos,cursed
cabrón,bastard
condiciones,conditions
dudo,I doubt
robó,heist
escucho,I'm listening
laura,Laura
rápidamente,quickly
bordo,board
nieve,snow
mensajes,messages
fecha,date
violencia,violence
n,n
sujeto,subject
acciones,actions
fría,cold
droga,drug
saldrá,will come out
suponía,supposed
empezamos,we start
errores,errors
grace,grace
siglo,century
molesto,annoying
acabamos,we finished
sabéis,you know
cortar,cut
seria,I would be
muevas,move
fortuna,fortune
of,of
imaginar,imagine
archivos,files
presencia,presence
familias,families
ey,Hey
quedas,stay
solas,alone
oficiales,officers
aventura,adventure
gira,tour
social,social
comunidad,community
annie,Annie
alan,alan
cero,zero
clark,Clark
esperamos,we hope
ocupada,busy
muévete,move
convertido,converted
carl,Carl
pieza,part
estómago,stomach
disparó,shot
legal,legal
conseguí,got
emma,emma
carter,sump
california,California
rara,strange
estudiantes,students
reino,kingdom
alegría,happiness
barrio,neighborhood
granja,farm
podéis,you can
esfuerzo,effort
trabajaba,worked
claire,Claire
perdóname,forgive me
tesoro,treasure
empleo,employment
compré,I bought
cirugía,surgery
dejamos,we leave
busco,look for
trabajas,you work
clave,clue
aparentemente,apparently
bravo,Bravo
ed,ed
desearía,I would like
cerrada,closed
new,new
chicago,chicago
controlar,check
pregunté,I asked
mostrar,show
piloto,pilot
pocas,few
tuvieron,they had
ayudarle,help you
bolso,bag
llorando,crying
kyle,kyle
duerme,sleep
dejarme,leave me
intentó,tried
respirar,breathe
aparece,appears
campaña,Campaign
amistad,friendship
corriente,current
viven,they live
huesos,bones
invitados,guests
planta,plant
ritmo,rhythm
respuestas,answers
socio,partner
esperas,you wait
caído,fallen
motor,engine
mono,bun
llevaron,they carried
página,page
poquito,a little
u,or
habíamos,we had
encontraremos,we will find
ruego,request
dejan,leave
aburrido,bored
paquete,package
casada,married
llevarte,take you
ted,Ted
combate,combat
útil,useful
castillo,castle
bola,ball
canciones,songs
mataré,I will kill
muchísimo,lot
asistente,assistant
llegaron,they arrived
correcta,correct
pondré,I will put
simon,simon
comido,eaten
salgan,come out
empecé,I started
tirar,throw
pasan,pass
cierta,true
honesto,honest
carro,car
limpia,clean
volví,I returned
confío,I trust
venta,sale
huir,flee
apareció,appeared
vais,you go
compromiso,commitment
gustas,you like
aseguro,I assure
ira,gonna
promesa,promise
decírselo,tell him
cuáles,which
compras,shopping
importancia,importance
lección,lesson
hablaré,I will speak
hacerse,become
personalmente,personally
roger,Roger
luke,Luke
bolsillo,pocket
enojado,angry
desgracia,misfortune
artículo,article
labios,lips
cola,line
estemos,we are
whisky,whiskey
taza,cup
despues,after
gary,gary
preguntarte,ask you
pelota,ball
caminando,walking
andar,walk
crea,create
chaqueta,jacket
importaría,would matter
den,den
llegará,will arrive
interesado,interested
atrapado,trapped
supiera,knew
matarlo,kill him
árboles,trees
obvio,obvious
amaba,loved
hablaremos,we will talk
entrenamiento,training
pescado,fish
últimas,latest
pobres,poor
dioses,gods
nerviosa,nervous
vueltas,turns
encontrarlo,find it
autos,cars
alice,alice
preguntarle,ask him
lucy,Lucy
abrigo,coat
okay,okay
estudiar,study
b,b
sonrisa,smile
cobarde,coward
olvida,forget
secundaria,secondary
descubierto,uncovered
convirtió,converted
coches,cars
venía,permission
josh,Josh
charla,chat
vives,you live
bruja,witch
c,c
celular,cellular
rose,rose
rompió,broke
andando,walking
vean,see
conseguiste,you got
susan,susan
veinte,twenty
encargo,charge
matarte,kill you
palacio,palace
convierte,converts
ja,ha
vivos,alive
pasamos,we passed
firme,firm
daría,would give
piense,think
oigo,I hear
phil,phil
sorprende,surprise
alemanes,germans
milagro,miracle
soportar,bear
dejaron,they left
smith,Smith
disculpen,excuse me
moda,fashion
despacho,dispatch
vecinos,neighbors
vaso,glass
dejarte,leave you
explosión,burst
poderes,powers
regla,ruler
acaban,they finish
copia,copy
siguiendo,following
viajar,travel
cadena,chain
fábrica,factory
mantiene,maintains
meter,put
contenta,happy
comiendo,eating
educación,education
maneras,ways
fumar,smoke
encantador,charming
cuantos,how many
homicidio,homicide
madera,wood
mayores,older
grado,degree
tratamiento,treatment
blancos,white
lord,lord
anterior,former
comisario,commissar
pizza,pizza
millas,miles
tira,strip
fueran,were
cumplir,achieve
plata,silver
quedará,will remain
quedaré,I will stay
aléjate,stay away
decidir,decide
lío,mess
preguntó,asked
agencia,agency
humanidad,humanity
usado,used
guardias,guards
parada,stop
leyes,laws
funcionó,it worked
odia,hate
levanta,lift
mires,look
respira,breathe
escaleras,stairs
decisiones,decisions
queréis,you want
salvaje,wild
preguntando,asking
pasos,steps
ambulancia,ambulance
traducción,translation
trabajado,worked
básicamente,basically
tratado,treaty
parado,stationary
especiales,specials
mentiroso,liar
libres,free
servicios,services
pedirle,ask
vivía,lived
medios,media
compra,buys
conocimiento,knowledge
armario,cupboard
lobo,wolf
quedamos,we stay
ciertamente,certainly
permitir,allow
tráfico,traffic
uniforme,uniform
estuvimos,we were
alemania,Germany
suave,gentle
propias,own
balas,bullets
asqueroso,disgusting
ciento,hundred
invierno,winter
consigo,with him
encuentre,find
jenny,Jenny
conductor,driver
equipos,teams
arena,sand
park,park
licencia,license
tíos,uncles
jackson,jackson
dijera,say
espejo,mirror
marina,marine
matando,killing
seres,beings
fiestas,parties
mover,move
coincidencia,coincidence
análisis,analysis
llegando,arriving
azúcar,sugar
tim,Tim
casar,marry
sótano,basement
volvamos,let's go back
sabrá,will know
taylor,taylor
ocasión,chance
cheque,check
revisar,review
ponerme,put on
suceder,happen
acusado,accused
dímelo,tell me
quedé,I stayed
conciencia,awareness
doc,doc
pesadilla,nightmare
sopa,soup
saltar,hop
heridas,wounds
pienses,you think
suicidio,suicide
llamarme,call me
posibilidades,odds
elegido,elected
divorcio,divorce
registros,records
recibí,I received
joey,joey
escuchas,you listen
mirad,Behold
pierde,lose
abogados,lawyers
trataba,tried
americanos,Americans
llevando,carrying
miel,Honey
regrese,come back
dilo,say it
hermanas,sisters
alemán,German
iría,would go
lady,lady
salí,I went out
particular,particular
miras,you look
frontera,border
ventaja,advantage
alerta,alert
piscina,pool
regalos,gifts
comportamiento,behavior
julia,Julia
señales,signs
salimos,we go out
revista,magazine
hecha,made
imágenes,images
llegas,you arrive
rápida,fast
canal,channel
paciencia,patience
sacado,taken
echo,echo
crisis,crisis
asesinos,murderers
oíste,you heard
dejando,leaving
estarías,you would be
anteriormente,previously
vigilancia,surveillance
desierto,desert
asustada,scared
cuerda,rope
míos,mine
chuck,Chuck
seguido,continued
seremos,we will be
morgan,morgan
pene,penis
despierto,awake
gobernador,governor
sección,section
casarme,get married
trabajos,jobs
karen,karen
preparados,prepared
murieron,died
oso,bear
curiosidad,curiosity
vd.,you.
hank,Hank
impresión,impression
pez,fish
pasaba,was passing
escuchaste,you heard
torre,tower
sientas,feel
mentir,lie
pasillo,aisle
juega,play
suéltame,let me go
arresto,arrest
ricos,rich
sencillo,simple
ruta,route
documentos,documents
enamorada,in love
apuesta,bet
perdida,loss
vinieron,they came
ayudarnos,help us
presento,I present
hazme,make me
leí,read
arthur,arthur
virus,virus
lárgate,get out
sigan,follow
compró,bought
servir,serve
pongas,put
alarma,alarm
identidad,identity
iguales,equal
aviso,warning
aprendido,learned
caza,hunt
daba,gave
muchacha,girl
permanecer,stay
bebés,you drink
opciones,options
responde,reply
vernos,see each other
julie,Julie
llamaste,you called
ponerse,put on
sacó,sack
orgullo,pride
reales,real
esperan,wait
vuelves,you come back
maggie,Maggie
serlo,be
cuantas,how many
enfadado,angry
ponen,they put
altura,height
jones,jones
archivo,archive
fred,Fred
ayudará,will help
fácilmente,easily
criatura,creature
saco,sack
precisamente,precisely
máximo,maximum
viniendo,coming
vendría,would come
louis,louis
ilegal,illegal
refiere,refers
llamamos,we call
versión,version
incendio,fire
preferiría,would rather
gritar,shout
recibió,received
concierto,concert
casualidad,chance
excusa,excuse
rodillas,knees
cruz,cross
dulces,sweets
zorra,bitch
cómodo,comfortable
cruel,cruel
sofá,couch
perdiste,you lost
encantadora,lovely
salgamos,let's go out
sombra,shade
ganó,won
encantada,nice to meet you
firmar,sign
escritorio,desk
muñeca,doll
rastro,trace
gigante,giant
pájaro,bird
ducha,shower
tomamos,we take
déjenme,let me
condición,condition
recompensa,reward
doce,twelve
actor,actor
actitud,attitude
cuida,take care
salsa,dip
hubieran,they would have
carlos,Carlos
personaje,character
dudas,doubts
jackie,Jackie
cambios,changes
votos,votes
vivido,vivid
perdimos,we lost
suficientes,enough
entrega,delivery
comercial,commercial
decidí,I decided
tribu,tribe
pura,pure
volveremos,we will return
voto,vote
méxico,Mexico
amar,love
poderoso,powerful
traigo,I bring
asesinatos,murders
fresco,cool
privada,private
seamos,let's be
guarda,guard
orgullosa,proud
vivimos,we live
difíciles,difficult
hagámoslo,let's do it
jefa,boss
trató,deal
senador,senator
ayudando,helping
campeón,champion
bebiendo,drinking
adorable,adorable
ayudó,helped
ciego,blind
falsa,false
jo,jo
sara,sarah
bestia,beast
alteza,Highness
deseos,wishes
episodio,episode
celda,cell
llevarlo,take it
aguanta,hold on
vengas,come
jueves,Thursday
montañas,mountains
pensamientos,thoughts
medianoche,midnight
llevarme,take me
garganta,throat
sesión,session
pensaste,you thought
diles,tell them
muera,die
coma,coma
sentimos,we feel
creas,you believe
escribe,writes
identificación,ID
circunstancias,circumstances
preguntado,asked
veneno,poison
primavera,spring
súper,super
vuestros,your
queríamos,we wanted
aquello,that
preocuparse,worry
martes,Tuesday
feo,ugly
cristo,Christ
francisco,francis
howard,Howard
virgen,virgin
distrito,district
decidió,decided
reputación,reputation
socorro,relief
encontraré,I will find
castigo,punishment
dígale,tell him
límite,limit
junta,board
ponerte,put on
casados,married
líneas,lines
estudios,studies
muévanse,move
audiencia,audience
helen,helen
nació,was born
mato,kill
jugador,player
hmm,hmm
humo,smoke
popular,popular
nación,nation
conocimos,we met
tropas,troops
sucediendo,happening
explicación,explanation
salen,they come out
discúlpeme,Excuse me
presentar,introduce
donna,donna
celebrar,celebrate
competencia,competence
envía,send
mantén,keep
verlos,see them
biblioteca,library
fila,row
ésto,this
misterio,mystery
ganador,winner
puerto,port
vehículo,vehicle
escapó,escaped
traeré,I will bring
julio,July
lograr,achieve
desaparecer,disappear
muero,I die
quítate,take off
favorita,favorite
patio,yard
golpeó,hit
tontería,nuisance
miss,miss
pecado,sin
comité,committee
preparada,prepared
comprado,bought
parezca,seem
emocionante,exciting
caras,faces
rescate,rescue
título,qualification
llegaste,you arrived
decírtelo,tell you
adivina,guess
elizabeth,elizabeth
pánico,panic
barry,Barry
quieran,want
abby,abby
exterior,abroad
pasión,passion
llegan,they arrive
preparar,prepare
guau,Wow
patrick,Patrick
tierras,land
demostrar,demonstrate
elegante,elegant
asegurarme,make sure
visitar,visit
asegúrate,make sure
darles,give them
cabezas,heads
abra,open
andrew,Andrew
dean,dean
ambiente,atmosphere
conde,count
urgente,urgent
impuestos,taxes
antonio,antonio
distinto,distinct
encantan,love
ron,rum
marcas,brands
ayudarlo,help you
leyendo,reading
adecuado,appropriate
cajas,boxes
abandonar,abandon
dispara,shoot
buscamos,we search
funcionando,working
traté,I tried
cia,Inc
tomen,take
darnos,give us
intentas,you try
lily,Lily
gustado,liked
jamie,Jamie
luchando,struggling
apesta,it sucks
volando,flying
periódicos,newspapers
lucas,luke
detenido,arrested
curioso,curious
tetas,tits
caro,expensive
asco,disgust
usó,use
buscas,you search
amanda,amanda
salgo,I'm on my way out
decirnos,tell us
enseñó,taught
rick,rick
mírate,look at you
stan,Stan
debiste,you should have
océano,ocean
bolas,balls
nuevamente,again
damos,we give
pagado,paid
federal,federal
cuán,how
escalera,ladder
acepto,I accept
km,km
terapia,therapy
lágrimas,tears
terreno,land
autoridad,authority
encuentran,find
roca,rock
superficie,surface
cubierta,deck
terry,Terry
hierba,grass
juan,Juan
prometido,fiance
crecer,grow
mental,mental
extranjero,foreign
madame,madam
prometí,I promised
mismas,themselves
existen,there are
veas,see
lento,slow
dirige,directs
capaces,capable
chino,Chinese
vuelvan,come back
meta,goal
suelta,loose
despedida,farewell
sucedido,happened
pasta,paste
cristal,glass
vegas,Vegas
gritando,screaming
pare,stop
peces,fish
brown,brown
guardar,keep
podían,they could
sabían,they knew
literalmente,literally
salvó,except
aprecio,appreciation
fotografía,photograph
patrón,pattern
esposas,handcuffs
king,king
desafío,challenge
asombroso,amazing
pedazos,pieces
robin,robin
sales,salts
clínica,clinic
atrapar,catch
experto,expert
medida,extent
tele,TV
desagradable,disgusting
custodia,custody
nacido,born
anuncio,advertisement
física,physics
hollywood,hollywood
empezado,started
ma,ma
fiebre,fever
johnson,Johnson
compañera,companion
ayudarla,help her
desgraciado,unfortunate
organización,organization
echa,cast
mina,mine
honestamente,honestly
deuda,debt
digan,say
transporte,transport
cocinar,cook
delicioso,delicious
podíamos,we could
greg,Greg
dirás,you will say
habilidades,skills
sentimiento,feeling
pudieras,could you
golpes,blows
nadar,swim
operaciones,operations
admitir,admit
templo,temple
adios,bye
maravilla,wonder
quita,remove
mate,mate
piano,piano
bombas,bombs
paredes,walls
pantalla,screen
italia,Italy
pusieron,they put
sally,Sally
amén,amen
mac,Mac
civil,civil
fantasmas,ghosts
gasolina,gasoline
sabia,knew
tyler,tyler
judíos,Jews
s.,s.
tripulación,crew
pagan,they pay
arrestado,arrested
extraños,strangers
canta,sings
texas,Texas
estando,being
flor,flower
ricky,ricky
usan,they use
cruzar,cross
esperemos,let's hope
guía,guide
preocuparte,worry
enseñar,teach
irán,Iran
conferencia,conference
miro,I look
habitaciones,rooms
galletas,cookies
hablarle,talk to him
delito,crime
atacar,attack
objeto,object
disparos,shots
museo,museum
ruedas,wheels
recientemente,recently
huevo,egg
violación,rape
regresó,return
sufrir,suffer
tina,tub
terminamos,we finish
disponible,available
rica,rich
habilidad,ability
práctica,practice
acabe,finished
amado,beloved
haberle,have him
volvemos,we return
tendrías,you would have
maestra,teacher
city,city
pastillas,tablets
aprendí,I learned
cable,wire
nacimiento,birth
consciente,aware
alcance,scope
evento,event
alquiler,rent
ordenador,computer
incidente,incident
huh,huh
escribí,I wrote
estuvieron,were
intentaré,i will try
pensamiento,thought
metió,put
maleta,suitcase
condado,county
piezas,parts
ladrones,thieves
metro,metro
kilos,kilos
recuerde,remember
español,Spanish
motivos,reasons
explica,explains
renunciar,give up
actuación,performance
refugio,shelter
harto,fed up
reacción,reaction
paliza,beating
chef,chef
ocurra,happen
marty,Marty
l,l
entrado,entered
quitar,remove
amanecer,sunrise
molly,molly
corazones,hearts
rumores,rumors
llames,you call
celoso,jealous
utilizar,use
territorio,territory
olvide,forget
prácticamente,practically
disfrutar,enjoy
intentaba,tried
vecino,neighbor
pública,public
collar,necklace
golf,golf
betty,betty
marco,frame
cercano,nearby
fondos,funds
ross,Ross
bruce,Bruce
montar,mount
salvado,bran
grados,degrees
dylan,dylan
moto,motorbike
instrucciones,instructions
treinta,thirty
gordon,Gordon
adonde,where to
hablarte,talk to you
jesse,Jesse
emperador,emperor
cigarrillo,cigarette
cuéntame,tell me
do,do
secreta,secret
haberse,have
hitler,hitler
anne,Anne
mortal,mortal
ronda,round
cuídate,take care of yourself
metal,metal
puro,pure
cierre,closing
colores,colors
eva,Eve
rusia,Russia
botón,button
hijas,daughters
tenerlo,have it
tono,tone
espía,spy
empleados,employees
conduce,drive
detalle,detail
estuvieras,you were
oliver,oliver
rusos,russians
déjala,leave it
crema,cream
roy,roy
contesta,answer
casarte,get married
manda,command
dias,days
prisioneros,prisoners
echado,lying
trajiste,you brought
charlotte,charlotte
flota,fleet
marie,Marie
criminales,criminals
mmm,Hmm
platos,dishes
crímenes,crimes
cometido,task
golpear,hit
igualmente,likewise
dispararon,they shot
dejará,will leave
tontos,fools
sabría,would know
abran,open
ayudante,assistant
cultura,culture
revolución,revolution
hombro,shoulder
botas,boots
adoro,I adore
olvidó,forgot
biblia,Bible
saludos,greetings
katie,katie
deme,give me
adultos,adults
sitios,sites
serpiente,snake
parker,parker
nathan,Nathan
romántico,romantic
posiblemente,likely
adivinar,guess
peores,worst
buscan,search
enfrente,opposite
restos,remains
capacidad,ability
aliento,breath
placa,plate
rata,rat
áfrica,Africa
entendí,understood
metas,goals
cuadro,chart
afortunado,lucky
puestos,positions
japón,Japan
división,division
subtítulos,subtitles
entradas,tickets
bicicleta,bicycle
vuestras,your
pesado,heavy
sugiero,I suggest
calla,shut up
espacial,space
st,st
ventanas,windows
mejorar,improve
concurso,contest
comisaría,police station
sincero,sincere
centavos,cents
naturalmente,naturally
deseas,you wish
pasara,will happen
jay,jay
esperado,expected
ocurrir,occur
pondrá,will put
recursos,resources
raza,race
muestras,samples
personales,personal
wilson,wilson
imaginación,imagination
volverás,you will return
ceremonia,ceremony
almacén,store
sabor,flavor
sentarse,feel
on,on
unión,union
frankie,frankie
reserva,booking
españa,Spain
encanto,charm
aviones,airplanes
calidad,quality
escondido,hidden
citas,quotes
aceite,oil
pusiste,you put
querrá,will want
punta,tip
cinturón,belt
podrán,they will be able
cuales,which
chiste,joke
consecuencias,consequences
sinceramente,sincerely
lewis,Lewis
hablaste,you spoke
vaca,cow
investigando,investigating
vuelven,they come back
chloe,chloe
prisionero,prisoner
investigar,investigate
apellido,last name
actual,current
despertar,wake up
instante,instant
vincent,vincent
ud,You
morirá,will die
sacaste,you took out
justin,Justin
traiga,bring
sentada,sitting
mueva,move
jordan,Jordan
terminé,I finished
emociones,emotions
dormitorio,bedroom
pulso,pulse
atreves,you dare
frase,phrase
partida,departure
sabíamos,we knew
parezco,I look like
excelencia,excellence
despedido,dismissed
moral,moral
asalto,assault
decente,decent
informes,information
asusta,scares
trabajan,they work
my,my
doug,doug
poca,little
pasaría,would happen
médica,medical
combustible,fuel
discusión,discussion
verán,you will see
ciertas,certain
pata,leg
jean,jean
antiguos,ancient
requiere,requires
cogido,taken
comunicación,communication
manzana,apple
sed,thirst
tio,uncle
joyas,jewelry
cojones,balls
noble,noble
ee.uu.,USA.
trabajamos,we work
pediste,you asked
encontrarla,find her
piedras,stones
traidor,traitor
gané,I won
letra,letter
conseguimos,we get
vía,via
sacerdote,priest
efectos,effects
resistencia,endurance
arroz,rice
arreglado,arranged
tarjetas,cards
descubrió,discovered
desconocido,a stranger
mínimo,minimum
disparado,shot
boston,boston
entienden,they understand
bandera,flag
llamarte,call you
plaza,square
entrando,entering
tomará,will take
visitas,visits
cooper,Cooper
demasiada,too much
faltan,are missing
planeado,planned
imperio,empire
esperaré,I will wait
enfadada,angry
levantar,get up
cartera,briefcase
jeremy,jeremy
importar,matter
depósito,deposit
colegas,colleagues
periodista,journalist
comprobar,find out
funcione,work
nina,little girl
mereces,you deserve
forense,forensic
tensión,strain
involucrado,involved
vacía,empty
abandonado,abandoned
vídeo,video
ruso,Russian
círculo,circle
judío,Jew
cole,cole
gritos,shouting
carol,Carol
empecemos,let's start
resultó,it turned out
campos,fields
váyanse,go away
escribiendo,writing
divertida,fun
pasen,pass
pinta,pint
supo,knew
ascensor,elevator
quedarnos,stay
matará,will kill
aparecer,appear
helicóptero,helicopter
actuando,acting
ooh,ooh
pasas,raisins
apúrate,hurry up
big,big
entregar,deliver
escape,exhaust
indios,indians
limpieza,cleaning
rebecca,Rebecca
querrás,you will want
hueso,bone
jessica,jessica
magnífico,magnificent
trabajadores,workers
caída,drop
temperatura,temperature
habia,there was
dejaría,I would leave
encontrará,you will find
ejercicio,exercise
lealtad,loyalty
alas,at
pasaron,they passed
invitación,invitation
diamantes,diamonds
unidades,units
miller,Miller
enojada,annoyed
decimos,we say
leyenda,legend
gilipollas,asshole
tomaste,you took
paraíso,paradise
gatos,cats
costumbre,habit
podria,could
cabaña,cabin
secretaria,secretariat
lentamente,slowly
ensayo,rehearsal
pagó,pay
familiares,relatives
gimnasio,gym
negativo,negative
lenguaje,language
pájaros,birds
presenta,presents
quedes,stay
garaje,garage
palo,stick
león,lion
oídos,ears
dick,dick
espaldas,backs
apuestas,bets
científico,scientist
incluyendo,including
pelotas,balls
actividad,activity
dragón,dragon
necesite,need
intentamos,we try
aguantar,put up with
davis,Davis
primeras,first
generación,generation
sexuales,sexual
apetece,fancy
grupos,groups
capital,capital
dejemos,let's leave
habrías,you would have
máquinas,machines
barato,cheap
monsieur,monsieur
sistemas,systems
fingir,pretend
pensarlo,think about it
miércoles,Wednesday
escritor,writer
solitario,lonely
recibo,receipt
conocerlo,meet him
pudimos,we could
convertirse,become
almas,souls
salto,leap
sonar,dream
publicidad,advertising
russell,russell
temporal,temporary
antecedentes,background
probado,tried
todd,Todd
kenny,Kenny
llamaron,they called
atractivo,attractive
váyase,Go away
barra,bar
aniversario,anniversary
intereses,interests
madres,mothers
deba,owe
imagina,imagine
niñera,babysitter
movimientos,movements
quince,fifteen
holmes,holmes
muro,wall
recibe,receive
luce,shine
nací,I was born
prima,premium
cubierto,covered
contando,counting
reír,laugh
producto,product
daños,damage
abrazo,hug
gafas,glasses
arreglarlo,fix it
sobrino,nephew
man,man
demanda,demand
elecciones,elections
construcción,construction
ayudaré,I will help
buscado,sought
criaturas,creatures
dejarla,leave her
internacional,international
perfil,profile
trozo,piece
actriz,actress
repito,I repeat
bendiga,bless
pistas,clues
whoa,whoa
vecindario,neighborhood
hannah,Hannah
marcus,Marcus
ataques,attacks
razonable,reasonable
vende,sell
gerente,manager
sensible,sensitive
ríe,laugh
izquierdo,left
personalidad,personality
camina,walk
traes,you bring
tuvieras,you had
albert,albert
conté,I counted
preparando,preparing
secretario,secretary
rueda,wheel
sorprendido,surprised
profundamente,deeply
conoció,met
grano,grain
pagaré,promissory note
límites,boundaries
moneda,currency
super,super
piedad,piety
militares,military
seguía,continued
tocado,touched
ciudadanos,citizens
creado,created
temas,topics
acepta,accept
encerrado,locked up
opinas,do you think
empiezo,start
borde,edge
llevarla,take her
barcos,boats
toby,toby
pudieron,they could
tocando,touching
harvey,Harvey
profesora,teacher
dejame,let me
expresión,expression
asesinada,murdered
escándalo,scandal
nervios,nerves
ios,iOS
randy,Randy
emoción,emotion
blake,Blake
catherine,Catherine
oficialmente,officially
perdedor,loser
margaret,Margaret
sienten,feel
rumbo,course
valle,valley
ian,Ian
x,x
viejas,old
buscaba,I was looking for
científicos,scientists
gorda,fat
juventud,youth
hayamos,let's have
preocupación,worry
desnudo,naked
guión,script
grant,grant
envié,I sent
señoritas,ladies
carreras,racing
tratas,you try
sucia,dirty
sophie,sophie
ratas,rats
mayo,May
tirado,thrown
heroína,heroin
háblame,talk to me
contestar,to answer
caos,chaos
alternativa,alternative
estupidez,stupidity
derek,Derek
sorprendente,amazing
pedirte,ask you
principios,beginning
egoísta,selfish
mostraré,I will show
sentarme,sit
verdaderamente,truly
enhorabuena,congratulations
casey,casey
peligrosa,dangerous
ánimo,cheer up
viajes,trips
lujo,luxury
mia,mine
cantando,singing
religión,religion
nate,nate
risas,laughter
despejado,clear
miserable,miserable
hierro,iron
corona,crown
wayne,wayne
serías,you would be
dispositivo,device
mencionar,mention
brad,brad
mencionó,mentioned
inmunidad,immunity
grabación,recording
producción,production
nuclear,nuclear
clima,climate
puesta,putting
buscarlo,look for it
carácter,character
prostituta,prostitute
llamarlo,call him
steven,Steven
máscara,mask
alegre,cheerful
comprender,grasp
volviste,you came back
cambiando,changing
alianza,alliance
encontrarás,you will find
positivo,positive
siglos,ages
serían,they would be
desafortunadamente,unfortunately
guitarra,guitar
hacían,they did
estrategia,strategy
entré,between
vinimos,we came
frecuencia,frequency
poli,cop
that,that
elena,Elena
discúlpame,excuse me
llevé,I carried
vince,vince
prohibido,forbidden
caray,Wow
arruinar,spoil
masa,mass
existencia,existence
túnel,tunnel
bromas,joking
evitarlo,avoid it
industria,industry
trasera,rear
monstruos,monsters
mete,put
conseguiré,I will get
inocentes,innocent
colección,collection
empleado,employee
fatal,fatal
stephen,stephen
olivia,olivia
intente,try
expediente,record
nancy,Nancy
putas,whores
jess,Jess
petición,request
ayudado,helped
lou,lou
presentación,presentation
beth,Beth
vendido,sold
cerebral,cerebral
coraje,courage
adulto,adult
rubia,blonde
mandar,send
pierdes,you lose
gano,won
almorzar,have lunch
caridad,charity
oscar,Oscar
sepan,know
llegada,arrival
capítulo,chapter
disculparme,apologize
viniera,would come
gastos,bills
sentirse,feel
entren,come in
quédese,stay
tarta,cake
volvería,I would return
jersey,jersey
mataría,would kill
breve,brief
obras,works
acero,steel
llévame,take me
street,street
suceda,happen
cigarrillos,cigarettes
funcionará,will work
alicia,Alice
haberla,have it
camarada,comrade
confesión,confession
dijimos,we said
coartada,alibi
desnuda,naked
payaso,clown
rayo,ray
guay,cool
naves,ships
americana,american
político,political
diseño,design
condenado,condemned
convencido,convinced
edward,edward
policia,police
italiano,Italian
pedro,peter
mm,mm
camiseta,t-shirt
vendrán,they will come
extrañas,strange
impacto,impact
equipaje,luggage
lois,lois
sufrimiento,suffering
salieron,they came out
mantente,stay
sabiendo,knowing
maten,kill
adolescente,teenager
soltero,single
descubrí,I discovered
tranquilos,calm
influencia,influence
oxígeno,oxygen
experimento,experiment
absurdo,absurd
algun,some
habrían,they would have
ponerle,put
empiece,start
devolver,return
propuesta,proposal
tómalo,take it
michelle,Michelle
abrió,opened
plantas,floors
cantante,singer
traición,betrayal
cementerio,cemetery
florida,Florida
pozo,well
patrulla,patrol
brandon,Brandon
planeando,planning
ann,Ann
tragedia,tragedy
ethan,Ethan
miami,Miami
autoridades,authorities
trate,try
procedimiento,procedure
fantasía,fancy
billetes,tickets
ganamos,we win
secuestro,kidnapping
sabrás,you will know
prestado,borrowed
bodas,wedding
béisbol,baseball
ciudades,cities
conejo,rabbit
pregúntale,ask him
billete,ticket
esperanzas,hopes
díselo,tell him
significado,meaning
mueren,they die
shawn,shawn
cincuenta,fifty
jugadores,players
web,web
apropiado,appropriate
robot,robot
considerado,considered
alcanzar,reach
patatas,potatoes
mantenga,keep
continuación,continuation
tradición,tradition
países,countries
ocultar,disguise
tendríamos,we would have
electricidad,electricity
bebidas,drinks
siguió,continued
reto,challenge
aldea,village
robaron,they stole
aguas,waters
caminos,roads
ellen,Ellen
permitido,permitted
alli,over there
cima,top
éi,hey
risa,laughter
cumplido,compliment
objetos,objects
decide,decide
pregunte,ask
once,eleven
matan,they kill
terrorista,terrorist
tomes,take
términos,terms
reyes,kings
revés,reverse
explotar,blow
maletas,suitcases
nubes,clouds
circo,circus
darse,give
west,west
prometiste,you promised
tanque,tank
uñas,nails
encargaré,I will order
terroristas,terrorists
estúpidos,stupid
héroes,heroes
salta,jump
daremos,we will give
agradecido,grateful
victor,victor
terror,terror
keith,keith
sacrificio,sacrifice
destrucción,destruction
teddy,teddy
texto,text
peleas,fights
liga,league
martha,Martha
ana,Ann
enviaré,I will send
teléfonos,phones
porno,porn
diera,give
oscura,dark
tuyos,yours
olvido,forgot
queridos,dears
colina,hill
bromeas,you joke
sano,healthy
únicos,unique
musical,musical
pastor,pastor
ponerlo,put it
naranja,orange
batería,battery
trabajó,job
reuniones,meetings
sue,sue
figura,figure
jesucristo,Christ
funcionan,they work
voces,voices
caroline,caroline
jacob,Jacob
caramba,Gee
callejón,alley
técnica,technique
marshall,Marshall
refería,referred
notado,noticed
maquillaje,make-up
lanzar,launch
cadáveres,corpses
atacó,attacked
vendiendo,selling
bailando,dancing
tenerte,have you
cubrir,cover
liz,Liz
policial,police
fase,phase
gus,gus
joseph,joseph
importaba,mattered
armada,navy
fea,ugly
porquería,filth
mickey,mickey
superar,get over
disfruta,enjoy
sueldo,salary
abiertos,open
piénsalo,think about it
testimonio,testimony
incómodo,uncomfortable
oyó,heard
costado,side
apaga,turn off
considerando,considering
bolsas,bags
seguiré,I will continue
imaginé,I imagined
detenerlo,stop it
diana,Diana
pasaporte,passport
infancia,childhood
suele,usually
productos,products
rocas,rocks
reverendo,reverend
mediodía,noon
golpeado,struck
destruido,destroyed
reconozco,I recognize
plástico,plastic
young,young
barba,beard
mago,magician
hojas,leaves
conocerla,meet her
hallar,find
mantequilla,butter
lidiar,cope
sentencia,judgment
ideal,ideal
dámelo,give it to me
mandó,command
residencia,residence
francamente,frankly
guerrero,warrior
ayudo,I help
sigamos,let's continue
jennifer,Jennifer
engañar,cheat
baje,get off
contaré,I will tell
guantes,gloves
rompe,breaks
conociste,you met
hoja,sheet
decían,they said
recepción,reception
logrado,accomplished
odias,you hate
comisión,commission
vampiro,vampire
finales,finals
sufrido,suffered
azules,blue
usarlo,use it
cometer,commit
descansa,rest
peleando,fighting
docena,dozen
estaríamos,we would be
sera,will be
lanza,lance
averiguarlo,find out
lanzamiento,launch
moverse,move
ho,ho
falla,failure
angela,angela
técnicamente,technically
dejara,will leave
medias,socks
míralo,look at it
físico,physical
hacerla,do it
multitud,crew
potencial,potential
hacías,you did
famosa,famous
rutina,routine
oportunidades,opportunities
progreso,progress
fascinante,fascinating
ensalada,salad
cómoda,comfortable
prepara,prepare
tráeme,bring me
equivocas,you are wrong
tubo,tube
owen,owen
sacarlo,take it out
is,es
usas,you use
letras,letters
dennis,dennis
demasiados,too many
éstas,are
interrumpir,interrupt
representa,represents
socios,partners
pecados,sins
novela,novel
herramientas,tools
desaparece,disappear
apostar,bet
ó,either
septiembre,September
vestidos,clothes
festival,festival
franceses,french
queria,wanted to
gustar,like
auxilio,help
éstos,these
fracaso,failure
berlín,berlin
cañón,canon
llegaremos,we will arrive
empezaron,they started
spencer,spencer
fíjate,notice
votar,vote
merezco,I deserve
infantil,childish
estacionamiento,parking lot
asesina,murderess
sentarte,sit
mintió,lied
grita,shout
ofrecer,offer
ruth,ruth
esclavos,slaves
academia,academy
probarlo,try it
viuda,widow
reporte,report
monedas,coins
rob,Rob
advertencia,warning
jugo,juice
malcolm,malcolm
pico,beak
miré,Look
rota,rattan
sociales,social
amarillo,yellow
encargado,in charge
so,SW
listas,lists
as,ace
poderosa,powerful
prometió,promised
drama,drama
confundido,confused
olvídate,forget
normales,normal
inconsciente,unconscious
asegurar,ensure
estadounidense,United States
locales,premises
informado,informed
resuelto,resolved
cueva,cave
conduciendo,driving
perdidos,lost
escuchó,I'm listening
patético,pathetic
abril,April
matemáticas,math
eliminar,eliminate
venid,come
hicieras,you would do
causar,cause
demasiadas,too many
vigilando,watching
función,function
solar,solar
encontrarme,find me
williams,williams
dólar,dollar
trucos,tricks
h,h
lectura,reading
camarero,waiter
toman,take
regresaré,I will return
tiendas,stores
encontremos,let's find
dimos,we gave
cabina,cabin
deporte,sport
virginia,Virginia
fuga,drain
holly,Holly
sospechosos,suspects
jonathan,jonathan
ala,to the
champán,champagne
quedaba,remained
viera,see
formar,form
walker,walker
detectives,detectives
entenderlo,understand it
orejas,ears
obligado,obliged
testamento,will
extremadamente,extremely
creyó,believed
darán,they will give
materia,subject
detuvo,stopped
casco,helmet
sabremos,we will know
agenda,agenda
rosas,roses
aceptado,accepted
bello,beautiful
fabuloso,fabulous
llores,cry
arruinado,spoiled
enterado,aware
junio,June
baila,dance
artistas,artists
realizar,carry out
hechizo,spell
respiración,breathing
extremo,extreme
historial,record
pongan,put
yeah,yeah
próximos,next
extraordinario,extraordinary
tigre,tiger
fianza,bail
consejos,tips
mostrarte,show you
doctores,doctors
auténtico,authentic
usamos,we use
romance,Romance
miente,lie
matthew,matthew
importan,matter
paren,stop
indio,Indian
increíblemente,incredibly
pierdo,I lose
llevaremos,we will take
ví,I saw
ofrece,offers
seco,dry
willie,willie
quinn,Quinn
sagrado,sacred
monte,mountain
paris,Paris
discos,discs
louise,louise
carrie,Carrie
juguetes,toys
cerdos,pigs
enteré,I found out
escapado,escaped
matarla,kill her
casó,case
ali,Ali
salgas,go out
pasajeros,passengers
debilidad,weakness
civiles,civilians
corbata,tie
dispuesta,willing
necesitaré,I will need
cuartel,barracks
cazar,hunt
robando,stealing
convencer,convince
rollo,roll
pescar,fishing
mezcla,mix
parejas,couples
condicional,conditional
giro,turn
bonitas,pretty
necesites,need
molestar,annoy
amantes,lovers
gris,grey
zoe,zoe
pedimos,we ask
refuerzos,reinforcement
josé,José
colgar,hang
heridos,injured
arreglo,arrangement
plazo,term
harold,harold
salvajes,wild
elliot,elliot
fotografías,photographs
sintió,felt
hermosas,beautiful
ashley,Ashley
convertir,convert
contarle,tell him
retiro,withdrawal
francis,Francis
gravedad,gravity
importe,amount
lata,can
enseñaré,I will teach
velas,candles
suyos,his
símbolo,symbol
reconocimiento,recognition
típico,typical
ayudas,aids
regresado,returned
conducta,conduct
lane,lane
ken,ken
am,A.M
participar,participate
lana,wool
shane,shane
hacernos,make us
tratan,they try
vendedor,seller
federales,federal
pudiéramos,we could
diane,diane
estrés,stress
césar,cease
soltera,single woman
gustará,will like
em,em
brujas,witches
horario,schedule
recuerden,remember
identificar,identify
hill,Hill
alfombra,rug
perdóneme,Excuse me
actores,actors
atractiva,attractive
permítame,Allow me
desperté,I woke up
salía,went out
recibiendo,receiving
preciso,accurate
comprendes,you understand
white,white
altos,tall
fan,fan
papas,potatoes
anciano,old man
profunda,deep
petróleo,oil
intenciones,intentions
francesa,french
neil,Neil
jin,jin
rango,range
sombras,shades
malvado,wicked
defender,defend
lleguemos,let's get there
suba,rise
jaula,cage
watson,watson
natalie,natalie
comentarios,comments
dosis,dose
cartel,sign
disparen,shoot
esperad,wait
cargar,carry
enviaron,sent
jodida,fucked
seguí,I continued
aproximadamente,approximately
postre,dessert
escala,scale
estudiando,studying
pavo,turkey
origen,origin
considerar,consider
fiel,faithful
diego,diego
embajador,ambassador
tatuaje,tattoo
población,population
harris,Harris
comes,you eat
llamen,call
horribles,horrible
vampiros,vampires
dormida,asleep
niveles,levels
largas,long
pandilla,gang
agrada,pleases
traigan,bring
onda,vibe
atrapados,trapped
duque,duke
bajas,lows
dejaremos,we will leave
b.,b.
trono,throne
canto,singing
aumento,increase
esconder,hide
políticos,politicians
muertes,deaths
anthony,Anthony
pensabas,you thought
saqué,I took out
taller,workshop
fantástica,fantastic
practicar,practice
asientos,seating
armado,armed
gibbs,gibbs
habrán,there will be
considera,consider
atender,attend
ponemos,we put
we,we
consigues,you get
sentados,sitting
costó,cost
soñando,ringing
stanley,Stanley
creó,believe
ayúdenme,help me
juzgado,judged
hablarme,talk to me
janet,janet
bebido,drunk
pierdas,lose
ponlo,put it
gallina,hen
miguel,Miguel
octubre,October
sentirme,feel
riesgos,risks
dificil,difficult
besar,kiss
lavar,wash
sacarte,take you out
cuyo,whose
cayendo,falling
emocional,emotional
prometida,fiancee
molestia,inconvenience
christine,christine
consiga,get
huella,fingerprint
agarra,grab
karl,karl
condena,conviction
decírmelo,tell me
cafetería,café
honesta,honest
tómate,tomato
pablo,Pablo
medidas,measures
ofreció,offered
dió,gave
quizas,maybe
celosa,jealous
instinto,instinct
bancos,banks
mías,mine
emocionado,excited
juguete,toy
villa,villa
conocida,known
servirá,will serve
norman,norman
centavo,penny
lincoln,lincoln
connor,Connor
potencia,power
unido,united
julian,Julian
copias,copies
receta,recipe
interesada,interested
seguirá,will continue
oírme,hear me
normas,standards
cocaína,cocaine
encontrarte,find you
cambie,change
asesinó,killer
huyendo,fleeing
marihuana,dope
entramos,we enter
congreso,congress
capa,layer
tocó,touched
mágico,magical
beneficios,benefits
aburrida,bored
invito,I invite
período,period
corredor,corridor
marte,Mars
ayudaría,would help
cortado,cut
mentiste,you lied
olvidaste,you forgot
nieto,grandson
odiaba,hated
fraude,fraud
zapato,shoe
mantenerlo,keep it
liam,liam
tiró,shot
sector,sector
conseguirlo,get it
furgoneta,van
causado,caused
beneficio,benefit
querrías,would you like
graduación,graduation
alejado,away
junior,junior
complejo,complex
miraba,looked
patas,paws
columna,column
empieces,you start
bienes,estate
quisieras,would you like
clásico,classic
saque,serve
oírlo,hear it
hígado,liver
robaste,you stole
decías,you said
all,there
lleven,carry
trabajé,I worked
muebles,furniture
actos,acts
células,cells
presa,prey
hubiéramos,we would have
travis,travis
joan,Joan
páginas,pages
raymond,raymond
llenar,fill
riley,riley
cambian,they change
sonríe,smile
moscú,Moscow
ordenó,ordered
go,go
motel,motel
venimos,we come
cuente,count
a.,to.
preguntes,you ask
mentido,lied
decidimos,we decided
house,house
alimentos,food
actúa,act
prefieres,do you prefer
mason,mason
presupuesto,budget
prepárate,get ready
ubicación,location
etapa,stage
olvidaré,I will forget
trajes,suits
santos,saints
idioma,language
fruta,fruit
reconoce,recognize
vuela,fly
ganando,winning
bendición,blessing
luis,Luis
compasión,compassion
reconocer,recognize
desarrollo,development
contarte,tell you
vomitar,vomit
cazador,hunter
pesca,fishing
arco,bow
wendy,Wendy
llora,cries
abandonó,abandonment
supiste,you knew
abogada,lawyer
fama,fame
plano,flat
elige,choose
maíz,corn
remedio,remedy
harta,fed up
maria,Maria
muéstrame,show me
audrey,audrey
acostumbrado,used to
green,green
leonard,leonard
disfraz,costume
termino,term
hombros,shoulders
química,chemistry
vela,candle
muelle,dock
tiroteo,shooting
dirigir,lead
enterrado,buried
acento,accent
psiquiatra,psychiatrist
escoger,choose
estupenda,great
canadá,Canada
indica,indicates
deudas,debts
subiendo,going up
bla,blah
desayunar,have breakfast
tomaron,they took
fines,Finnish
espíritus,spirits
ingeniero,engineer
cráneo,skull
desesperado,desperate
baby,baby
separados,separated
queja,complaint
jugada,move
bajando,going down
signos,signs
dirías,you would say
von,von
buscaré,I will search
comen,they eat
hong,hong
pediré,I will ask
documento,document
descripción,description
tercero,third
estructura,structure
rehenes,hostages
lleguen,arrive
botellas,bottles
encuentren,find
bomberos,firefighters
horno,oven
préstamo,loan
black,black
tratamos,we try
autopsia,autopsy
ocupados,busy
penny,Penny
metí,I put
pares,peers
propietario,owner
supieras,you knew
adecuada,suitable
cuarenta,forty
profesión,profession
británico,British
exámenes,exams
tracy,tracy
evan,evan
seth,seth
moleste,bother
agosto,August
logró,achievement
marchar,march
logan,logan
crecido,grown
representante,representative
empiezas,you start
tareas,tasks
gabriel,gabriel
vodka,vodka
dí,say
re,re
terribles,terrible
infeliz,unhappy
enormes,huge
geniales,great
generoso,generous
brindis,toast
rita,Rita
directa,direct
hacéis,you do
actualmente,at the moment
rifle,rifle
casino,casino
logro,achievement
trajeron,they brought
celos,jealousy
artículos,articles
estable,stable
escuadrón,squadron
ciudadano,citizen
colin,colin
sospecha,suspicion
violento,violent
engañado,cheated
relacionado,related
niega,denies
vietnam,Vietnam
batman,batman
vendió,sold
ralph,Ralph
chaval,kid
macho,male
allison,allison
menores,minors
constantemente,constantly
conozca,know
directora,director
borracha,drunk
ventas,sales
alivio,relief
trauma,trauma
enseñarte,teach you
estadounidenses,Americans
necesidades,needs
bart,Bart
exposición,exposure
negociar,negotiate
todavia,still
explicarlo,explain it
copas,glasses
golpea,hits
edificios,buildings
región,region
duros,hard
moviendo,moving
kitty,kitty
aman,love
kong,kong
ford,ford
shh,shh
lógica,logic
eligió,chose
sammy,sammy
sangrando,bleeding
jefes,bosses
comió,ate
traducido,translated
narices,nose
deberes,homework
grito,shout
empresas,companies
contactos,contacts
engaño,deception
acusación,accusation
cirujano,surgeon
pagando,paying
cenizas,ashes
retraso,delay
asesinar,murder
mentí,I lied
imaginas,you imagine
haciéndolo,doing it
ocurriendo,happening
pechos,breasts
solicitud,application
enfermedades,diseases
soporto,stood
buscarla,look for it
mona,bow
fresca,fresh
prioridad,priority
mentes,minds
francos,francs
rumor,rumor
confías,you trust
dibujo,drawing
saliste,you went out
contaste,you counted
buscarte,look for you
prefiere,prefer
almirante,admiral
gastar,spend
vendrás,you will come
use,use
craig,craig
warren,Warren
conjunto,set
profesionales,professionals
ciertos,some
verdes,green
invitó,invited
alumnos,students
presentó,presented
informar,inform
cortó,short
maya,Maya
apagar,turn off
malditas,damn
harían,would do
nelson,nelson
besos,kisses
graciosa,funny
chinos,chinese
noviembre,November
invisible,invisible
contarme,tell me
economía,economy
logramos,we achieved
combinación,combination
enfermos,sick
conectado,connected
sucederá,will happen
asumir,assume
rusa,russian
habitual,usual
id,id
posesión,possession
inténtalo,try it
ministerio,ministry
saludable,healthy
firmado,signed
oreja,ear
calientes,hot
personajes,characters
liberar,release
cogió,caught
toro,bull
pintar,paint
eternidad,eternity
similar,similar
sobrina,niece
tortura,torture
máxima,maximum
franco,franc
earl,earl
raras,rare
paige,paige
espérame,wait for me
nene,baby
deportes,sports
sígueme,follow me
sra,mrs
pulmones,lungs
cuánta,how much
necesitaremos,we will need
isabel,Isabel
acabará,will end
manzanas,apples
ratón,mouse
eléctrica,electric
ee,ee
productor,producer
quédense,stay
demuestra,demonstrate
lauren,Lauren
eventos,events
entendiste,you understood
v,v
reciente,recent
empiezan,they start
pasaste,you passed
enfrentar,face
dejaba,left
escucharme,listen to me
apariencia,appearance
aves,birds
radiación,radiation
advierto,I warn
quemado,burned
corea,Korea
sandy,sandy
síntomas,symptoms
japoneses,japanese
kurt,kurt
juzgar,judge
adrian,adrian
cervezas,beers
quemar,burn
kent,kent
marzo,March